{
   "creator": "Yosys 0.51+85 (git sha1 d3aec12fe, clang++ 18.1.8 -fPIC -O3)",
   "invocation": "stat -liberty sg13g2_stdcell_typ_1p20V_25C.lib -json ",
   "modules": {
      "\\asqrt_top": {
         "num_wires":         1591,
         "num_wire_bits":     8794,
         "num_pub_wires":     266,
         "num_pub_wire_bits": 7465,
         "num_ports":         6,
         "num_port_bits":     68,
         "num_memories":      0,
         "num_memory_bits":   0,
         "num_processes":     0,
         "num_cells":         1342,
         "area":              15097.584600,
         "num_cells_by_type": {
            "$scopeinfo": 17,
            "sg13g2_a21o_1": 25,
            "sg13g2_a21oi_1": 130,
            "sg13g2_a221oi_1": 21,
            "sg13g2_a22oi_1": 49,
            "sg13g2_and2_1": 33,
            "sg13g2_and3_1": 9,
            "sg13g2_and4_1": 11,
            "sg13g2_dfrbp_1": 56,
            "sg13g2_inv_1": 71,
            "sg13g2_mux2_1": 26,
            "sg13g2_nand2_1": 181,
            "sg13g2_nand2b_1": 34,
            "sg13g2_nand3_1": 52,
            "sg13g2_nand3b_1": 4,
            "sg13g2_nand4_1": 17,
            "sg13g2_nor2_1": 165,
            "sg13g2_nor2b_1": 21,
            "sg13g2_nor3_1": 27,
            "sg13g2_nor4_1": 14,
            "sg13g2_o21ai_1": 123,
            "sg13g2_or2_1": 43,
            "sg13g2_or3_1": 12,
            "sg13g2_or4_1": 8,
            "sg13g2_xnor2_1": 158,
            "sg13g2_xor2_1": 35
         }
      }
   },
      "design": {
         "num_wires":         1591,
         "num_wire_bits":     8794,
         "num_pub_wires":     266,
         "num_pub_wire_bits": 7465,
         "num_ports":         6,
         "num_port_bits":     68,
         "num_memories":      0,
         "num_memory_bits":   0,
         "num_processes":     0,
         "num_cells":         1342,
         "area":              15097.584600,
         "num_cells_by_type": {
            "$scopeinfo": 17,
            "sg13g2_a21o_1": 25,
            "sg13g2_a21oi_1": 130,
            "sg13g2_a221oi_1": 21,
            "sg13g2_a22oi_1": 49,
            "sg13g2_and2_1": 33,
            "sg13g2_and3_1": 9,
            "sg13g2_and4_1": 11,
            "sg13g2_dfrbp_1": 56,
            "sg13g2_inv_1": 71,
            "sg13g2_mux2_1": 26,
            "sg13g2_nand2_1": 181,
            "sg13g2_nand2b_1": 34,
            "sg13g2_nand3_1": 52,
            "sg13g2_nand3b_1": 4,
            "sg13g2_nand4_1": 17,
            "sg13g2_nor2_1": 165,
            "sg13g2_nor2b_1": 21,
            "sg13g2_nor3_1": 27,
            "sg13g2_nor4_1": 14,
            "sg13g2_o21ai_1": 123,
            "sg13g2_or2_1": 43,
            "sg13g2_or3_1": 12,
            "sg13g2_or4_1": 8,
            "sg13g2_xnor2_1": 158,
            "sg13g2_xor2_1": 35
         }
      }
}

